Respondents,Datetime,Shopping_Frequency,Monthly_Spending,Goal,Factors,Unplanned_Item_Intention,Willingness_Amazon,Lack_Amazon,Willingness_Prada,Lack_Prada,interactivity_importantance,screendesign_importantance,trust/like,necessaties,personalized_design_intention,reconmandended_purchasing_intention,personalized_loc,age,Gender
1,2022/12/23,Every Season,0 - 30,3,Prices and events;Product presentation (mainly pictures and videos);Product presentation (text-based);Site search function;Website page design,3,2,I am fine with it,3,I am fine with it,3,3,3,3,3,3,"Under each category's main page;When you filter or search, it will be shown in the filter called ""Recommended for you"";At check out",26 - 35,Female
2,2022/12/23,Every Season,Above 300,5,Prices and events;Product presentation (mainly pictures and videos);Site search function;Website page design,2,3,Don't want to read the text (too much info);No direct visual stimulation (e.g. images);Poor layout design,2,I am fine with it,4,5,5,4,5,3,My account page,26 - 35,Male
3,2022/12/23,Every Month,0 - 30,2,"Prices and events;Product presentation (mainly pictures and videos);After-sales service (return and exchange service, etc.);Website page design;Consumer reviews and scores",4,2,Don't want to read the text (too much info);No direct visual stimulation (e.g. images);Poor layout design,5,I am fine with it,5,5,4,5,5,5,"My account page;When you filter or search, it will be shown in the filter called ""Recommended for you""",19 - 25,Female
4,2022/12/23,Only at sales,0 - 30,2,Prices and events;Product presentation (mainly pictures and videos);Consumer reviews and scores,1,4,I am fine with it,3,I am fine with it,2,3,2,3,2,1,"When you filter or search, it will be shown in the filter called ""Recommended for you""",19 - 25,Male
5,2022/12/23,Every Year,0 - 30,3,Website Functionality Guidelines;Prices and events;Variety of payment options;Website page design,2,4,I am fine with it,4,I am fine with it,5,5,5,5,4,3,Homepage,Under 18,Female
6,2022/12/23,Every Week,30 - 80,1,"Prices and events;Product presentation (mainly pictures and videos);Product presentation (text-based);Variety of payment options;Pre-sales service (contact the seller for product information, etc.);After-sales service (return and exchange service, etc.);Consumer reviews and scores;Logistics",3,2,Don't want to read the text (too much info);No direct visual stimulation (e.g. images);Poor layout design,5,I am fine with it,5,5,5,5,5,5,"Under each category's main page;When you filter or search, it will be shown in the filter called ""Recommended for you"";At check out",19 - 25,Female
7,2022/12/23,Every Month,80 - 150,3,"Prices and events;Product presentation (mainly pictures and videos);After-sales service (return and exchange service, etc.);Website page design;Consumer reviews and scores",4,3,No direct visual stimulation (e.g. images),5,I am fine with it,4,4,5,5,3,3,Product information page;Your shopping basket,19 - 25,Female
8,2022/12/23,Every Month,80 - 150,4,Website Functionality Guidelines;Prices and events;Product presentation (mainly pictures and videos);Variety of payment options,4,2,Poor layout design,4,I am fine with it,4,4,5,4,4,4,My account page,19 - 25,Female
9,2022/12/23,Every Week,Above 300,4,"Website Functionality Guidelines;Prices and events;Product presentation (text-based);Variety of payment options;Site search function;After-sales service (return and exchange service, etc.);Website page design;Consumer reviews and scores;Logistics",2,3,Poor layout design,4,I am fine with it,3,3,4,4,5,5,"My account page;When you filter or search, it will be shown in the filter called ""Recommended for you""",Under 18,Male
10,2022/12/23,Every Month,30 - 80,4,"Website Functionality Guidelines;Prices and events;Product presentation (mainly pictures and videos);After-sales service (return and exchange service, etc.);Consumer reviews and scores",3,4,No direct visual stimulation (e.g. images),4,I am fine with it,3,2,3,4,3,3,Homepage,19 - 25,Female
11,2022/12/23,Every Month,Above 300,4,Product presentation (mainly pictures and videos);Product presentation (text-based),3,3,Poor layout design,3,I am fine with it,3,3,3,3,3,3,Your shopping basket,26 - 35,Female
12,2022/12/23,Every Month,0 - 30,3,Prices and events;Product presentation (mainly pictures and videos),3,3,Don't want to read the text (too much info),2,Lack of enough info,4,4,3,3,5,4,Product information page;My account page,19 - 25,Female
13,2022/12/24,Every Year,0 - 30,4,"Prices and events;Product presentation (text-based);After-sales service (return and exchange service, etc.);Consumer reviews and scores",1,3,Don't want to read the text (too much info);No direct visual stimulation (e.g. images);Poor layout design,4,I am fine with it,4,4,5,5,2,3,"Homepage;When you filter or search, it will be shown in the filter called ""Recommended for you""",19 - 25,Female
14,2022/12/24,Every Month,150 - 300,5,"Prices and events;Product presentation (mainly pictures and videos);Site search function;After-sales service (return and exchange service, etc.);Consumer reviews and scores;Logistics",4,4,Don't want to read the text (too much info),4,I am fine with it,4,4,5,5,5,3,Homepage;Product information page,26 - 35,Male
15,2022/12/24,Every Month,80 - 150,5,"Prices and events;Product presentation (text-based);Site search function;Pre-sales service (contact the seller for product information, etc.);After-sales service (return and exchange service, etc.)",5,4,I am fine with it,5,I am fine with it,5,5,5,5,5,4,Homepage;Product information page,26 - 35,Male
16,2022/12/24,Every Month,30 - 80,2,Prices and events,3,3,Font design,3,Poor font design,3,3,3,3,4,3,Under each category's main page,19 - 25,Female
17,2022/12/24,Every Month,30 - 80,1,Prices and events;Variety of payment options;Site search function;Consumer reviews and scores,2,2,Don't want to read the text (too much info);Poor layout design,4,I am fine with it,3,5,4,4,2,2,My account page,19 - 25,Female
18,2022/12/24,Every Season,0 - 30,4,"Prices and events;Product presentation (mainly pictures and videos);Variety of payment options;Site search function;After-sales service (return and exchange service, etc.);Logistics",3,2,Don't want to read the text (too much info);No direct visual stimulation (e.g. images),4,I am fine with it,4,5,5,5,4,4,"Homepage;When you filter or search, it will be shown in the filter called ""Recommended for you""",19 - 25,Female
19,2022/12/24,Every Week,Above 300,4,"Prices and events;Product presentation (mainly pictures and videos);Site search function;Pre-sales service (contact the seller for product information, etc.);After-sales service (return and exchange service, etc.);Website page design",3,3,I am fine with it,3,I am fine with it,4,4,4,4,2,4,"Product information page;My account page;When you filter or search, it will be shown in the filter called ""Recommended for you""",26 - 35,Female
20,2022/12/24,Every Season,80 - 150,4,Prices and events;Site search function;Logistics,4,4,Don't want to read the text (too much info);No direct visual stimulation (e.g. images);Font design,3,Poor font design;Poor layout design,4,4,4,3,3,4,"Homepage;Product information page;When you filter or search, it will be shown in the filter called ""Recommended for you""",26 - 35,Male
21,2022/12/24,Every Season,80 - 150,4,Prices and events,4,4,Poor layout design,4,Lack of enough info,4,4,4,3,4,4,My account page,26 - 35,Female
22,2022/12/24,Every Month,30 - 80,5,Website Functionality Guidelines;Product presentation (mainly pictures and videos);Variety of payment options;Site search function,5,5,Font design;I am fine with it,5,I am fine with it,5,4,2,5,5,2,Product information page;My account page;Under each category's main page,19 - 25,Male
23,2022/12/24,Only at sales,30 - 80,4,Prices and events;Product presentation (mainly pictures and videos);Variety of payment options;Site search function;Website page design;Consumer reviews and scores,3,4,Don't want to read the text (too much info);I still buy on amazon because it's easy but I do think there is too much text,3,"I am fine with it;I would like there to be an option for more information, seems to be just a single photo",5,5,4,4,3,3,"Homepage;When you filter or search, it will be shown in the filter called ""Recommended for you""",26 - 35,Male
24,2022/12/24,Only at sales,150 - 300,4,Prices and events;Product presentation (mainly pictures and videos);Site search function,4,4,Don't want to read the text (too much info);I am fine with it,2,I am fine with it,4,4,5,4,4,4,"When you filter or search, it will be shown in the filter called ""Recommended for you"";Your shopping basket;Your saved Items list",19 - 25,Male
25,2022/12/25,Every Month,150 - 300,4,Website Functionality Guidelines;Prices and events;Product presentation (mainly pictures and videos);Consumer reviews and scores,4,1,No direct visual stimulation (e.g. images),4,I am fine with it,5,4,4,5,2,5,"Product information page;My account page;Under each category's main page;When you filter or search, it will be shown in the filter called ""Recommended for you""",19 - 25,Female
26,2022/12/25,Every Season,30 - 80,5,"Prices and events;Product presentation (mainly pictures and videos);Product presentation (text-based);Site search function;Pre-sales service (contact the seller for product information, etc.);After-sales service (return and exchange service, etc.);Website page design;Consumer reviews and scores;Logistics",2,4,No direct visual stimulation (e.g. images),4,I am fine with it,4,3,5,5,2,2,Homepage;Product information page,19 - 25,Male
27,2022/12/25,Only at sales,80 - 150,4,"Website Functionality Guidelines;Product presentation (mainly pictures and videos);Site search function;After-sales service (return and exchange service, etc.)",2,3,Don't want to read the text (too much info);Poor layout design,4,Lack of enough info;Poor layout design,3,4,4,4,4,2,"Product information page;When you filter or search, it will be shown in the filter called ""Recommended for you""",Under 18,Male
28,2022/12/25,Every Month,150 - 300,4,"Prices and events;Product presentation (mainly pictures and videos);After-sales service (return and exchange service, etc.);Consumer reviews and scores;Logistics",3,4,Don't want to read the text (too much info);No direct visual stimulation (e.g. images),2,Lack of enough info,4,4,3,4,4,3,"Product information page;My account page;When you filter or search, it will be shown in the filter called ""Recommended for you"";Your saved Items list",19 - 25,Male
29,2022/12/25,Every Season,30 - 80,5,"Prices and events;After-sales service (return and exchange service, etc.);Consumer reviews and scores;Logistics",4,2,Don't want to read the text (too much info);No direct visual stimulation (e.g. images),4,I am fine with it,5,5,4,4,3,3,Homepage;Product information page;Your saved Items list;At check out,19 - 25,Female
30,2022/12/25,Only at sales,0 - 30,1,Prices and events,1,1,its not sold by amazon.,1,price is too scared.,1,1,1,1,1,1,At check out,19 - 25,Male
31,2022/12/25,Every Month,80 - 150,3,Product presentation (mainly pictures and videos),4,2,No direct visual stimulation (e.g. images),4,Lack of enough info,2,4,5,4,3,3,Homepage,19 - 25,Female
32,2022/12/25,Every Month,30 - 80,5,Prices and events;Product presentation (mainly pictures and videos);Consumer reviews and scores,1,3,No direct visual stimulation (e.g. images),1,Lack of enough info,5,3,4,5,3,3,My account page;Your saved Items list,19 - 25,Prefer not to say
33,2022/12/25,Every Season,Above 300,4,Prices and events;Product presentation (text-based),2,4,I am fine with it,5,I am fine with it,2,2,2,2,2,2,Homepage,19 - 25,Male
34,2022/12/25,Every Week,Above 300,3,Prices and events;Product presentation (mainly pictures and videos);Product presentation (text-based);Consumer reviews and scores,2,2,Don't want to read the text (too much info);Poor layout design,3,Lack of enough info,2,2,4,4,3,3,Product information page;Under each category's main page,19 - 25,Female
35,2022/12/25,Every Season,80 - 150,2,"Website Functionality Guidelines;Prices and events;Variety of payment options;Pre-sales service (contact the seller for product information, etc.)",2,2,Don't want to read the text (too much info);I am fine with it,4,Poor layout design,3,3,3,3,3,3,"When you filter or search, it will be shown in the filter called ""Recommended for you"";Your saved Items list",19 - 25,Prefer not to say
36,2022/12/25,Only at sales,80 - 150,4,"Website Functionality Guidelines;Prices and events;Product presentation (mainly pictures and videos);Product presentation (text-based);Site search function;Pre-sales service (contact the seller for product information, etc.);After-sales service (return and exchange service, etc.);Website page design;Consumer reviews and scores;Logistics",3,3,"Don't want to read the text (too much info);No direct visual stimulation (e.g. images);Poor layout design;review system,  detail of the size chart, model information, product information",3,"Lack of enough info;review system,  detail of the size chart, model information, product information",5,4,4,4,4,4,"Homepage;Product information page;Under each category's main page;When you filter or search, it will be shown in the filter called ""Recommended for you""",19 - 25,Female
37,2022/12/25,Only at sales,30 - 80,3,"Website Functionality Guidelines;Prices and events;After-sales service (return and exchange service, etc.);Website page design;Consumer reviews and scores",3,4,I am fine with it,4,I am fine with it,4,4,1,4,1,3,"My account page;When you filter or search, it will be shown in the filter called ""Recommended for you"";Your saved Items list",26 - 35,Female
38,2022/12/26,Every Year,30 - 80,1,Prices and events;Product presentation (mainly pictures and videos);Site search function;Consumer reviews and scores,2,4,No direct visual stimulation (e.g. images),4,Poor layout design,4,4,5,4,3,2,Product information page,19 - 25,Male
39,2022/12/26,Every Season,30 - 80,2,Website Functionality Guidelines;Prices and events;Consumer reviews and scores;Logistics,4,2,Don't want to read the text (too much info);No direct visual stimulation (e.g. images);Poor layout design,3,Poor layout design,4,4,4,4,4,4,Homepage;Product information page,19 - 25,Female
40,2022/12/26,Only at sales,80 - 150,1,Variety of payment options;Logistics,3,4,Font design;Poor layout design,1,Poor font design;Lack of enough info,4,5,2,5,3,5,My account page;Your shopping basket;Product information page,Above 46,Male
41,2022/12/26,Only at sales,80 - 150,3,Logistics;Variety of payment options,3,1,I am fine with it,2,Lack of enough info;Poor font design,1,1,2,2,1,1,Your shopping basket;Homepage;Product information page,36 - 45,Male
42,2022/12/26,Every Month,0 - 30,2,"Prices and events;After-sales service (return and exchange service, etc.)",1,2,I am fine with it,4,Lack of enough info,4,4,1,1,1,1,Your shopping basket;My account page,36 - 45,Male
43,2022/12/26,Every Week,80 - 150,2,Product presentation (text-based);Product presentation (mainly pictures and videos);Website Functionality Guidelines,2,5,No direct visual stimulation (e.g. images),2,I am fine with it,1,2,2,5,1,2,Homepage;Your saved Items list;My account page,Under 18,Male
44,2022/12/26,Only at sales,80 - 150,1,Variety of payment options;Logistics,3,4,Font design;Poor layout design,1,Poor font design;Lack of enough info,4,5,2,5,3,5,My account page;Your shopping basket;Product information page,Above 46,Male
45,2022/12/26,Only at sales,80 - 150,3,Logistics;Variety of payment options,3,1,I am fine with it,2,Lack of enough info;Poor font design,1,1,2,2,1,1,Your shopping basket;Homepage;Product information page,36 - 45,Male
46,2022/12/26,Only at sales,80 - 150,1,Variety of payment options;Logistics,3,4,Font design;Poor layout design,1,Poor font design;Lack of enough info,4,5,2,5,3,5,My account page;Your shopping basket;Product information page,Above 46,Male
47,2022/12/26,Every Month,0 - 30,2,"Prices and events;After-sales service (return and exchange service, etc.)",1,2,I am fine with it,4,Lack of enough info,4,4,1,1,1,1,Your shopping basket;My account page,36 - 45,Male
48,2022/12/26,Every Week,80 - 150,2,Product presentation (text-based);Product presentation (mainly pictures and videos);Website Functionality Guidelines,2,5,No direct visual stimulation (e.g. images),2,I am fine with it,1,2,2,5,1,2,Homepage;Your saved Items list;My account page,Under 18,Male
49,2022/12/26,Only at sales,80 - 150,1,Variety of payment options;Logistics,3,4,Font design;Poor layout design,1,Poor font design;Lack of enough info,4,5,2,5,3,5,My account page;Your shopping basket;Product information page,Above 46,Male
50,2022/12/26,Only at sales,80 - 150,3,Logistics;Variety of payment options,3,1,I am fine with it,2,Lack of enough info;Poor font design,1,1,2,2,1,1,Your shopping basket;Homepage;Product information page,36 - 45,Male
51,2022/12/26,Every Month,0 - 30,2,"Prices and events;After-sales service (return and exchange service, etc.)",1,2,I am fine with it,4,Lack of enough info,4,4,1,1,1,1,Your shopping basket;My account page,36 - 45,Male
52,2022/12/26,Only at sales,80 - 150,1,Variety of payment options;Logistics,3,4,Font design;Poor layout design,1,Poor font design;Lack of enough info,4,5,2,5,3,5,My account page;Your shopping basket;Product information page,Above 46,Male
53,2022/12/26,Only at sales,80 - 150,3,Logistics;Variety of payment options,3,1,I am fine with it,2,Lack of enough info;Poor font design,1,1,2,2,1,1,Your shopping basket;Homepage;Product information page,36 - 45,Male
54,2022/12/26,Every Week,80 - 150,2,Product presentation (text-based);Product presentation (mainly pictures and videos);Website Functionality Guidelines,2,5,No direct visual stimulation (e.g. images),2,I am fine with it,1,2,2,5,1,2,Homepage;Your saved Items list;My account page,Under 18,Male
55,2022/12/26,Only at sales,80 - 150,1,Variety of payment options;Logistics,3,4,Font design;Poor layout design,1,Poor font design;Lack of enough info,4,5,2,5,3,5,My account page;Your shopping basket;Product information page,Above 46,Male
56,2022/12/26,Every Month,0 - 30,2,"Prices and events;After-sales service (return and exchange service, etc.)",1,2,I am fine with it,4,Lack of enough info,4,4,1,1,1,1,Your shopping basket;My account page,36 - 45,Male
57,2022/12/26,Only at sales,80 - 150,3,Logistics;Variety of payment options,3,1,I am fine with it,2,Lack of enough info;Poor font design,1,1,2,2,1,1,Your shopping basket;Homepage;Product information page,36 - 45,Male
58,2022/12/26,Every Week,80 - 150,2,Product presentation (text-based);Product presentation (mainly pictures and videos);Website Functionality Guidelines,2,5,No direct visual stimulation (e.g. images),2,I am fine with it,1,2,2,5,1,2,Homepage;Your saved Items list;My account page,Under 18,Male
59,2022/12/26,Only at sales,80 - 150,1,Variety of payment options;Logistics,3,4,Font design;Poor layout design,1,Poor font design;Lack of enough info,4,5,2,5,3,5,My account page;Your shopping basket;Product information page,Above 46,Male
60,2022/12/26,Every Month,0 - 30,2,"Prices and events;After-sales service (return and exchange service, etc.)",1,2,I am fine with it,4,Lack of enough info,4,4,1,1,1,1,Your shopping basket;My account page,36 - 45,Male
61,2022/12/26,Only at sales,80 - 150,3,Logistics;Variety of payment options,3,1,I am fine with it,2,Lack of enough info;Poor font design,1,1,2,2,1,1,Your shopping basket;Homepage;Product information page,36 - 45,Male
62,2022/12/26,Every Week,80 - 150,2,Product presentation (text-based);Product presentation (mainly pictures and videos);Website Functionality Guidelines,2,5,No direct visual stimulation (e.g. images),2,I am fine with it,1,2,2,5,1,2,Homepage;Your saved Items list;My account page,Under 18,Male
63,2022/12/26,Every Month,0 - 30,2,"Prices and events;After-sales service (return and exchange service, etc.)",1,2,I am fine with it,4,Lack of enough info,4,4,1,1,1,1,Your shopping basket;My account page,36 - 45,Male
64,2022/12/26,Only at sales,80 - 150,3,Logistics;Variety of payment options,3,1,I am fine with it,2,Lack of enough info;Poor font design,1,1,2,2,1,1,Your shopping basket;Homepage;Product information page,36 - 45,Male
65,2022/12/26,Every Month,0 - 30,2,"Prices and events;After-sales service (return and exchange service, etc.)",1,2,I am fine with it,4,Lack of enough info,4,4,1,1,1,1,Your shopping basket;My account page,36 - 45,Male
66,2022/12/26,Every Week,80 - 150,2,Product presentation (text-based);Product presentation (mainly pictures and videos);Website Functionality Guidelines,2,5,No direct visual stimulation (e.g. images),2,I am fine with it,1,2,2,5,1,2,Homepage;Your saved Items list;My account page,Under 18,Male
67,2022/12/26,Every Week,80 - 150,2,Product presentation (text-based);Product presentation (mainly pictures and videos);Website Functionality Guidelines,2,5,No direct visual stimulation (e.g. images),2,I am fine with it,1,2,2,5,1,2,Homepage;Your saved Items list;My account page,Under 18,Male
68,2022/12/26,Every Month,30 - 80,4,Product presentation (mainly pictures and videos);Variety of payment options,4,5,No direct visual stimulation (e.g. images);Font design,4,Poor font design;Poor layout design,5,4,3,4,4,5,"My account page;Under each category's main page;When you filter or search, it will be shown in the filter called ""Recommended for you""",26 - 35,Male
69,2022/12/26,Every Month,0 - 30,2,"Prices and events;After-sales service (return and exchange service, etc.)",1,2,I am fine with it,4,Lack of enough info,4,4,1,1,1,1,Your shopping basket;My account page,36 - 45,Male
70,2022/12/26,Only at sales,80 - 150,1,Variety of payment options;Logistics,3,4,Font design;Poor layout design,1,Poor font design;Lack of enough info,4,5,2,5,3,5,My account page;Your shopping basket;Product information page,Above 46,Male
71,2022/12/26,Only at sales,80 - 150,3,Logistics;Variety of payment options,3,1,I am fine with it,2,Lack of enough info;Poor font design,1,1,2,2,1,1,Your shopping basket;Homepage;Product information page,36 - 45,Male
72,2022/12/26,Every Week,80 - 150,2,Product presentation (text-based);Product presentation (mainly pictures and videos);Website Functionality Guidelines,2,5,No direct visual stimulation (e.g. images),2,I am fine with it,1,2,2,5,1,2,Homepage;Your saved Items list;My account page,Under 18,Male
73,2022/12/26,Every Month,0 - 30,2,"Prices and events;After-sales service (return and exchange service, etc.)",1,2,I am fine with it,4,Lack of enough info,4,4,1,1,1,1,Your shopping basket;My account page,36 - 45,Male
74,2022/12/26,Only at sales,80 - 150,1,Variety of payment options;Logistics,3,4,Font design;Poor layout design,1,Poor font design;Lack of enough info,4,5,2,5,3,5,My account page;Your shopping basket;Product information page,Above 46,Male
75,2022/12/26,Only at sales,80 - 150,3,Logistics;Variety of payment options,3,1,I am fine with it,2,Lack of enough info;Poor font design,1,1,2,2,1,1,Your shopping basket;Homepage;Product information page,36 - 45,Male
76,2022/12/26,Every Week,80 - 150,2,Product presentation (text-based);Product presentation (mainly pictures and videos);Website Functionality Guidelines,2,5,No direct visual stimulation (e.g. images),2,I am fine with it,1,2,2,5,1,2,Homepage;Your saved Items list;My account page,Under 18,Male
77,2022/12/26,Every Year,Above 300,3,"Pre-sales service (contact the seller for product information, etc.);Product presentation (mainly pictures and videos)",2,5,No direct visual stimulation (e.g. images);Font design,5,Lack of enough info,4,4,3,4,5,4,Under each category's main page;Product information page;My account page,26 - 35,Male
78,2022/12/26,Every Week,80 - 150,2,"After-sales service (return and exchange service, etc.);Prices and events;Website page design",3,1,I am fine with it,1,Poor layout design;Lack of enough info,1,1,1,1,1,2,Product information page;Under each category's main page,19 - 25,Female
79,2022/12/26,Every Season,80 - 150,2,Website Functionality Guidelines;Consumer reviews and scores;Prices and events,3,4,I am fine with it,4,Poor layout design;Lack of enough info,4,4,2,4,5,5,Product information page;Your saved Items list,19 - 25,Male
80,2022/12/26,Every Year,150 - 300,3,Website page design;Consumer reviews and scores;Website Functionality Guidelines,4,3,Poor layout design,5,Lack of enough info,2,5,2,5,2,5,Under each category's main page;Your shopping basket,26 - 35,Male
81,2022/12/26,Every Year,150 - 300,1,"Pre-sales service (contact the seller for product information, etc.);Prices and events",5,5,No direct visual stimulation (e.g. images);Poor layout design;Font design,4,Poor font design;Lack of enough info,4,5,4,5,1,4,Product information page;Your shopping basket,19 - 25,Male
82,2022/12/26,Every Year,150 - 300,5,Website Functionality Guidelines;Product presentation (mainly pictures and videos);Variety of payment options,2,5,Font design;No direct visual stimulation (e.g. images),2,Lack of enough info,4,4,5,5,3,4,Homepage;My account page;Product information page,19 - 25,Male
83,2022/12/26,Every Week,30 - 80,1,"Site search function;Pre-sales service (contact the seller for product information, etc.);Product presentation (mainly pictures and videos)",2,4,I am fine with it,1,I am fine with it,1,2,3,2,1,1,Your shopping basket;Your saved Items list;Under each category's main page,26 - 35,Male
84,2022/12/26,Every Month,Above 300,5,Website Functionality Guidelines;Product presentation (mainly pictures and videos),5,5,I am fine with it,4,Lack of enough info,4,4,3,3,3,4,Under each category's main page;My account page;Your shopping basket,Above 46,Female
85,2022/12/26,Only at sales,Above 300,2,Website page design;Site search function;Variety of payment options,2,3,I am fine with it,2,Lack of enough info;Poor font design,4,2,2,2,3,3,My account page;Homepage,Above 46,Male
86,2022/12/26,Every Week,80 - 150,3,Website Functionality Guidelines;Consumer reviews and scores,1,1,No direct visual stimulation (e.g. images);Poor layout design,2,Poor font design;Lack of enough info,3,1,2,4,2,1,My account page;Product information page,Under 18,Male
87,2022/12/26,Every Week,150 - 300,5,"After-sales service (return and exchange service, etc.);Variety of payment options;Website page design",5,4,I am fine with it,1,Lack of enough info,3,5,2,4,3,4,Your shopping basket;Homepage;My account page,19 - 25,Female
88,2022/12/26,Every Week,80 - 150,3,Consumer reviews and scores;Website page design,1,2,Font design;No direct visual stimulation (e.g. images),2,Lack of enough info,2,2,3,2,4,1,Homepage;Your shopping basket;At check out,36 - 45,Female
89,2022/12/26,Every Year,150 - 300,3,Product presentation (text-based);Website Functionality Guidelines,5,5,No direct visual stimulation (e.g. images);Font design,4,I am fine with it,5,5,4,2,3,4,My account page;Under each category's main page,26 - 35,Male
90,2022/12/26,Every Month,30 - 80,4,"Product presentation (text-based);Pre-sales service (contact the seller for product information, etc.);Logistics",2,4,I am fine with it,1,Lack of enough info,5,5,5,4,3,5,"When you filter or search, it will be shown in the filter called ""Recommended for you"";Your shopping basket",26 - 35,Male
91,2022/12/26,Every Year,30 - 80,5,"After-sales service (return and exchange service, etc.);Product presentation (text-based);Website Functionality Guidelines",3,5,I am fine with it,5,Poor layout design;Lack of enough info,2,5,3,5,4,4,Under each category's main page;Homepage,26 - 35,Male
92,2022/12/26,Only at sales,30 - 80,4,"Site search function;Website page design;After-sales service (return and exchange service, etc.)",3,5,I am fine with it,3,I am fine with it,4,2,3,5,5,4,Under each category's main page;Your shopping basket;Product information page,Under 18,Male
93,2022/12/26,Every Month,150 - 300,4,Product presentation (mainly pictures and videos);Website page design;Prices and events,2,4,No direct visual stimulation (e.g. images);Poor layout design,1,I am fine with it,1,2,4,3,3,2,Homepage;Under each category's main page,Under 18,Male
94,2022/12/26,Every Year,80 - 150,4,Logistics;Website page design,1,4,Font design;No direct visual stimulation (e.g. images),5,I am fine with it,4,2,3,5,3,4,Homepage;Your shopping basket,Under 18,Male
95,2022/12/26,Every Season,0 - 30,4,"Pre-sales service (contact the seller for product information, etc.);Website Functionality Guidelines",2,1,No direct visual stimulation (e.g. images),2,Poor font design;Lack of enough info,2,1,2,2,1,1,Under each category's main page;Your shopping basket;Homepage,26 - 35,Male
96,2022/12/26,Every Month,30 - 80,2,Prices and events;Consumer reviews and scores,1,4,I am fine with it,1,Poor font design;Lack of enough info,1,2,2,2,3,1,Your shopping basket;Product information page,19 - 25,Female
97,2022/12/26,Every Season,80 - 150,3,"Product presentation (text-based);Pre-sales service (contact the seller for product information, etc.);Website Functionality Guidelines",4,4,I am fine with it,4,Poor layout design;Lack of enough info,5,5,4,4,4,5,Your shopping basket;Product information page;Homepage,26 - 35,Male
98,2022/12/26,Every Week,30 - 80,2,"After-sales service (return and exchange service, etc.);Prices and events",3,3,I am fine with it,1,Lack of enough info;Poor layout design,1,4,2,2,3,1,Your shopping basket;Homepage;My account page,19 - 25,Male
99,2022/12/26,Every Month,30 - 80,4,Website page design;Consumer reviews and scores,2,1,I am fine with it,2,Poor layout design,3,1,4,1,1,2,Your shopping basket;Your saved Items list,Under 18,Male
100,2022/12/26,Every Week,0 - 30,4,"After-sales service (return and exchange service, etc.);Pre-sales service (contact the seller for product information, etc.)",1,1,I am fine with it,1,Lack of enough info,1,1,3,1,1,1,Under each category's main page;Your shopping basket,Above 46,Female
101,2022/12/26,Only at sales,30 - 80,3,"Website Functionality Guidelines;Pre-sales service (contact the seller for product information, etc.);Prices and events",2,4,Font design;No direct visual stimulation (e.g. images),5,Poor font design;Lack of enough info,4,2,4,5,3,4,My account page;Under each category's main page;Your shopping basket,26 - 35,Female
102,2022/12/26,Every Month,0 - 30,4,"Pre-sales service (contact the seller for product information, etc.);Website page design;Site search function",2,4,I am fine with it,2,Lack of enough info,2,2,2,2,3,4,My account page;Under each category's main page;Your shopping basket,26 - 35,Male
103,2022/12/26,Every Month,0 - 30,2,"After-sales service (return and exchange service, etc.);Product presentation (text-based)",2,1,I am fine with it,1,Poor font design,4,1,4,2,2,2,Your shopping basket;Homepage,19 - 25,Male
104,2022/12/26,Every Year,80 - 150,4,"Website Functionality Guidelines;Pre-sales service (contact the seller for product information, etc.)",2,4,Font design,2,Poor layout design;Poor font design;Lack of enough info,4,4,5,5,4,5,Homepage;Under each category's main page,Under 18,Male
105,2022/12/26,Only at sales,0 - 30,4,Logistics;Website Functionality Guidelines,2,4,I am fine with it,2,Poor layout design;Lack of enough info,2,1,2,2,4,2,"Under each category's main page;When you filter or search, it will be shown in the filter called ""Recommended for you""",36 - 45,Female
106,2022/12/26,Every Month,150 - 300,4,Website Functionality Guidelines;Product presentation (mainly pictures and videos);Product presentation (text-based),3,2,No direct visual stimulation (e.g. images);Poor layout design,2,Lack of enough info,1,1,3,2,1,2,Homepage;My account page,36 - 45,Male
107,2022/12/26,Every Week,0 - 30,1,Website Functionality Guidelines;Site search function;Variety of payment options,3,1,I am fine with it,1,I am fine with it,2,3,2,1,2,1,Under each category's main page;Product information page;Homepage,36 - 45,Male
108,2022/12/26,Only at sales,30 - 80,2,"Prices and events;Pre-sales service (contact the seller for product information, etc.)",1,1,I am fine with it,1,Lack of enough info,4,1,2,2,3,4,Your shopping basket;Homepage,19 - 25,Male
109,2022/12/26,Every Month,0 - 30,1,Website page design;Product presentation (text-based);Logistics,2,1,Poor layout design;No direct visual stimulation (e.g. images),1,I am fine with it,3,1,2,2,1,2,My account page;Your shopping basket,Under 18,Female
110,2022/12/26,Every Month,30 - 80,2,"Logistics;Product presentation (mainly pictures and videos);Pre-sales service (contact the seller for product information, etc.)",2,1,Font design;No direct visual stimulation (e.g. images),4,Poor font design;Lack of enough info,4,2,3,2,3,1,Homepage;Your saved Items list,26 - 35,Male
111,2022/12/26,Every Year,30 - 80,4,Logistics;Product presentation (mainly pictures and videos);Consumer reviews and scores,5,3,I am fine with it,5,Lack of enough info,4,2,4,2,2,5,Under each category's main page;Product information page,19 - 25,Female
112,2022/12/26,Only at sales,0 - 30,4,Product presentation (mainly pictures and videos);Website Functionality Guidelines,5,5,I am fine with it,5,Lack of enough info,4,4,5,4,3,4,Product information page;Homepage;My account page,26 - 35,Female
113,2022/12/26,Only at sales,Above 300,3,Website page design;Prices and events,5,1,I am fine with it,5,Poor layout design;Lack of enough info,3,4,2,4,5,5,Your shopping basket;My account page;Homepage,26 - 35,Female
114,2022/12/26,Every Month,30 - 80,2,"Site search function;Logistics;Pre-sales service (contact the seller for product information, etc.)",3,1,No direct visual stimulation (e.g. images),4,Poor layout design,2,3,2,2,2,4,Under each category's main page;My account page,Under 18,Female
115,2022/12/26,Every Month,150 - 300,4,Product presentation (mainly pictures and videos);Prices and events;Logistics,2,4,No direct visual stimulation (e.g. images);Poor layout design,4,Poor layout design;Poor font design;Lack of enough info,3,5,4,5,4,5,"When you filter or search, it will be shown in the filter called ""Recommended for you"";My account page",19 - 25,Male
116,2022/12/26,Only at sales,30 - 80,3,"Website Functionality Guidelines;Pre-sales service (contact the seller for product information, etc.);Product presentation (text-based)",1,1,Poor layout design,2,Poor layout design;Lack of enough info,1,1,2,3,3,1,Under each category's main page;My account page;Your shopping basket,26 - 35,Female
117,2022/12/26,Every Month,150 - 300,2,"Pre-sales service (contact the seller for product information, etc.);Site search function;Website Functionality Guidelines",1,1,I am fine with it,1,I am fine with it,4,4,2,2,1,4,Under each category's main page;My account page,19 - 25,Male
118,2022/12/26,Every Month,30 - 80,4,"Site search function;After-sales service (return and exchange service, etc.);Product presentation (mainly pictures and videos)",2,1,I am fine with it,2,I am fine with it,1,2,2,2,3,1,Homepage;Under each category's main page;My account page,Under 18,Male
119,2022/12/26,Only at sales,80 - 150,4,Consumer reviews and scores;Variety of payment options,2,5,Don't want to read the text (too much info);No direct visual stimulation (e.g. images),1,Lack of enough info,5,5,5,4,4,5,Homepage;Your shopping basket;My account page,26 - 35,Male
120,2022/12/26,Every Week,30 - 80,4,"Prices and events;Product presentation (text-based);Pre-sales service (contact the seller for product information, etc.)",2,4,I am fine with it,1,Lack of enough info,2,2,2,4,1,2,At check out;Under each category's main page;Your shopping basket,19 - 25,Male
121,2022/12/26,Every Year,0 - 30,3,"After-sales service (return and exchange service, etc.);Product presentation (text-based);Consumer reviews and scores",3,4,I am fine with it,2,Poor layout design;Lack of enough info,2,4,4,5,4,5,Homepage;Your shopping basket;Your saved Items list,26 - 35,Female
122,2022/12/26,Only at sales,0 - 30,2,"Consumer reviews and scores;Pre-sales service (contact the seller for product information, etc.);Site search function",2,3,I am fine with it,4,I am fine with it,4,2,2,2,1,2,Homepage;Under each category's main page;My account page,36 - 45,Female
123,2022/12/26,Every Month,0 - 30,2,Variety of payment options;Prices and events,2,3,Don't want to read the text (too much info),4,Lack of enough info,4,4,2,2,4,2,Product information page;Your shopping basket,19 - 25,Male
124,2022/12/26,Every Month,30 - 80,2,Site search function;Variety of payment options;Website page design,1,1,Font design,1,I am fine with it,1,2,2,2,1,2,Homepage;My account page,19 - 25,Male
125,2022/12/26,Every Year,150 - 300,4,Site search function;Website Functionality Guidelines,3,5,Poor layout design;Font design;No direct visual stimulation (e.g. images),5,Lack of enough info,4,4,4,5,1,5,Homepage;Your shopping basket;My account page,26 - 35,Male
126,2022/12/26,Every Month,150 - 300,3,Site search function;Website Functionality Guidelines;Logistics,3,4,Poor layout design;Font design,5,Poor font design;Lack of enough info,5,4,4,1,4,4,Under each category's main page;Your shopping basket;My account page,26 - 35,Male
127,2022/12/26,Every Year,30 - 80,4,"Prices and events;After-sales service (return and exchange service, etc.)",5,5,I am fine with it,4,Lack of enough info,2,5,2,2,4,4,Under each category's main page;Product information page;Homepage,19 - 25,Male
128,2022/12/26,Every Month,30 - 80,3,"Logistics;Pre-sales service (contact the seller for product information, etc.)",3,4,No direct visual stimulation (e.g. images);Font design,1,Poor layout design;Lack of enough info,2,2,2,2,4,4,Your shopping basket;Under each category's main page;Homepage,Under 18,Male
129,2022/12/26,Every Year,0 - 30,3,"Pre-sales service (contact the seller for product information, etc.);Prices and events;Site search function",1,4,No direct visual stimulation (e.g. images);Font design,5,Poor layout design;Lack of enough info,4,5,2,5,3,5,Product information page;Under each category's main page,19 - 25,Male
130,2022/12/26,Only at sales,150 - 300,4,"Website Functionality Guidelines;Pre-sales service (contact the seller for product information, etc.)",5,3,Font design;No direct visual stimulation (e.g. images),4,Lack of enough info,2,4,5,4,3,5,Under each category's main page;My account page,19 - 25,Male
131,2022/12/26,Every Month,30 - 80,2,Logistics;Consumer reviews and scores,2,2,No direct visual stimulation (e.g. images);Font design,1,Lack of enough info,4,2,2,2,1,1,Product information page;Homepage,19 - 25,Male
132,2022/12/26,Every Year,30 - 80,2,Site search function;Product presentation (mainly pictures and videos);Variety of payment options,3,4,Font design,5,Lack of enough info,1,5,2,4,4,5,Under each category's main page;Product information page;Your shopping basket,19 - 25,Male
133,2022/12/26,Every Month,0 - 30,4,"Pre-sales service (contact the seller for product information, etc.);Consumer reviews and scores",3,2,No direct visual stimulation (e.g. images),4,Lack of enough info,4,2,2,2,1,2,Your shopping basket;At check out;Product information page,26 - 35,Female
134,2022/12/26,Only at sales,150 - 300,2,Product presentation (text-based);Site search function,2,5,I am fine with it,5,Lack of enough info,3,5,3,5,3,5,Homepage;My account page;Under each category's main page,Above 46,Male
135,2022/12/26,Only at sales,30 - 80,5,Logistics;Prices and events;Consumer reviews and scores,5,4,I am fine with it,5,I am fine with it,5,5,2,4,3,5,Under each category's main page;Your shopping basket;Product information page,Under 18,Male
136,2022/12/26,Only at sales,150 - 300,4,"Pre-sales service (contact the seller for product information, etc.);Site search function",2,4,I am fine with it,2,Lack of enough info;Poor font design,4,4,2,4,3,5,Homepage;Under each category's main page,26 - 35,Female
137,2022/12/26,Only at sales,150 - 300,4,Prices and events;Product presentation (mainly pictures and videos),2,4,Poor layout design,4,Lack of enough info,4,4,3,3,5,5,Under each category's main page;Your shopping basket;Product information page,Above 46,Female
138,2022/12/26,Every Year,Above 300,4,Prices and events;Website Functionality Guidelines,3,3,I am fine with it,4,I am fine with it,4,5,4,4,3,5,Product information page;Homepage;Your shopping basket,36 - 45,Male
139,2022/12/26,Only at sales,30 - 80,5,"Pre-sales service (contact the seller for product information, etc.);Product presentation (mainly pictures and videos)",5,5,I am fine with it,2,Poor font design;Lack of enough info,5,5,4,5,3,2,Your shopping basket;My account page,26 - 35,Male
140,2022/12/26,Every Month,30 - 80,4,Prices and events;Consumer reviews and scores;Variety of payment options,2,5,No direct visual stimulation (e.g. images),5,Lack of enough info;Poor font design,4,5,5,5,3,4,Product information page;My account page;Homepage,19 - 25,Female
141,2022/12/26,Only at sales,80 - 150,3,Product presentation (text-based);Consumer reviews and scores,1,1,Don't want to read the text (too much info),1,Poor layout design;Poor font design,2,1,2,2,1,1,At check out;Under each category's main page,36 - 45,Female
142,2022/12/26,Every Week,0 - 30,4,"Pre-sales service (contact the seller for product information, etc.);Product presentation (mainly pictures and videos);Logistics",1,1,I am fine with it,2,Poor layout design;Lack of enough info,1,1,3,2,3,1,Your shopping basket;Product information page,Above 46,Male
143,2022/12/26,Every Year,150 - 300,4,Product presentation (mainly pictures and videos);Website Functionality Guidelines;Logistics,2,4,Poor layout design,5,Poor layout design;Lack of enough info,4,5,3,5,3,4,Your shopping basket;Under each category's main page,26 - 35,Female
144,2022/12/26,Every Month,150 - 300,4,Site search function;Website Functionality Guidelines,3,4,Poor layout design;Don't want to read the text (too much info),5,Poor layout design;Lack of enough info,4,5,4,4,2,5,My account page;Homepage;Your saved Items list,26 - 35,Female
145,2022/12/26,Only at sales,150 - 300,4,Website page design;Site search function;Prices and events,2,5,Font design,5,I am fine with it,5,2,5,4,3,2,Under each category's main page;My account page,19 - 25,Male
146,2022/12/26,Every Year,80 - 150,3,"After-sales service (return and exchange service, etc.);Website Functionality Guidelines;Prices and events",5,4,I am fine with it,2,Poor font design;Poor layout design;Lack of enough info,4,5,2,4,4,4,Under each category's main page;Your shopping basket;My account page,19 - 25,Female
147,2022/12/26,Every Month,150 - 300,4,Product presentation (text-based);Product presentation (mainly pictures and videos),2,3,No direct visual stimulation (e.g. images);Font design,1,I am fine with it,2,4,3,2,1,2,Your shopping basket;Your saved Items list,Under 18,Female
148,2022/12/26,Only at sales,30 - 80,4,Site search function;Website Functionality Guidelines,5,3,I am fine with it,5,I am fine with it,4,5,2,2,5,2,Your shopping basket;Product information page;Under each category's main page,36 - 45,Female
149,2022/12/26,Only at sales,80 - 150,4,Prices and events;Website Functionality Guidelines,2,4,I am fine with it,2,Poor layout design;Lack of enough info,4,4,4,2,5,5,Homepage;My account page,26 - 35,Female
150,2022/12/26,Every Year,30 - 80,2,Logistics;Website page design,5,4,I am fine with it,3,Poor layout design;Lack of enough info,4,4,5,4,2,2,Homepage;Product information page;Your shopping basket,26 - 35,Male
151,2022/12/26,Every Year,30 - 80,3,"Prices and events;After-sales service (return and exchange service, etc.)",3,4,I am fine with it,4,I am fine with it,4,5,2,2,5,4,Your shopping basket;Under each category's main page,19 - 25,Male
152,2022/12/26,Every Week,30 - 80,3,Site search function;Logistics,2,1,No direct visual stimulation (e.g. images),1,I am fine with it,1,1,2,2,3,3,Under each category's main page;My account page;Your shopping basket,19 - 25,Male
153,2022/12/26,Every Year,80 - 150,5,Product presentation (mainly pictures and videos);Product presentation (text-based),3,4,No direct visual stimulation (e.g. images);Font design,5,Lack of enough info,4,4,2,5,3,5,Your shopping basket;Under each category's main page;Product information page,26 - 35,Female
154,2022/12/26,Only at sales,30 - 80,5,Website page design;Variety of payment options,1,4,Poor layout design;No direct visual stimulation (e.g. images),5,I am fine with it,4,5,4,2,5,2,Your shopping basket;Under each category's main page;My account page,36 - 45,Female
155,2022/12/26,Every Week,30 - 80,2,"Site search function;Pre-sales service (contact the seller for product information, etc.);Logistics",2,1,I am fine with it,4,Lack of enough info,1,4,2,2,3,4,My account page;Your shopping basket;Under each category's main page,36 - 45,Male
156,2022/12/26,Only at sales,0 - 30,2,Prices and events;Website Functionality Guidelines;Logistics,2,1,I am fine with it,2,Poor font design;Lack of enough info,4,2,2,2,3,2,Under each category's main page;Homepage,19 - 25,Male
157,2022/12/26,Every Year,80 - 150,4,Product presentation (mainly pictures and videos);Logistics,1,4,No direct visual stimulation (e.g. images);Poor layout design,5,I am fine with it,3,4,3,5,4,1,Homepage;Under each category's main page,Under 18,Female
158,2022/12/26,Every Week,30 - 80,5,Website Functionality Guidelines;Logistics,3,3,No direct visual stimulation (e.g. images);Poor layout design,5,Lack of enough info;Poor layout design,4,4,2,4,4,5,Your shopping basket;Your saved Items list;Under each category's main page,19 - 25,Female
159,2022/12/26,Only at sales,80 - 150,3,"Pre-sales service (contact the seller for product information, etc.);Product presentation (text-based);Logistics",1,2,I am fine with it,1,Lack of enough info,2,1,2,2,1,4,Your shopping basket;Product information page,26 - 35,Female
160,2022/12/26,Every Month,80 - 150,3,Logistics;Consumer reviews and scores,5,5,I am fine with it,5,I am fine with it,4,5,5,5,4,4,Homepage;Product information page;Your shopping basket,19 - 25,Female
161,2022/12/26,Only at sales,30 - 80,2,Variety of payment options;Consumer reviews and scores;Website Functionality Guidelines,5,4,Poor layout design;No direct visual stimulation (e.g. images),4,Lack of enough info;Poor font design,4,4,5,2,3,4,Your shopping basket;Homepage;My account page,36 - 45,Female
162,2022/12/26,Every Month,30 - 80,4,Product presentation (text-based);Website page design;Consumer reviews and scores,5,5,Poor layout design;No direct visual stimulation (e.g. images),5,I am fine with it,2,5,5,2,4,4,My account page;Your shopping basket,36 - 45,Female
163,2022/12/26,Only at sales,150 - 300,2,Product presentation (mainly pictures and videos);Website page design;Product presentation (text-based),3,3,I am fine with it,4,I am fine with it,1,2,2,2,1,2,My account page;Homepage;Under each category's main page,36 - 45,Male
164,2022/12/26,Every Week,30 - 80,2,Site search function;Variety of payment options,2,2,I am fine with it,2,Poor layout design;Poor font design;Lack of enough info,1,2,2,1,1,1,Under each category's main page;Product information page;At check out,36 - 45,Female
165,2022/12/27,Only at sales,80 - 150,5,Prices and events;Product presentation (text-based),3,5,No direct visual stimulation (e.g. images),4,Lack of enough info,4,5,5,5,5,5,Your shopping basket;Homepage,19 - 25,Female
166,2022/12/27,Only at sales,150 - 300,5,"After-sales service (return and exchange service, etc.);Website page design",3,3,I am fine with it,1,I am fine with it,4,5,2,2,5,5,Under each category's main page;Your shopping basket;Product information page,36 - 45,Male
167,2022/12/27,Every Month,150 - 300,2,"Site search function;Website page design;Pre-sales service (contact the seller for product information, etc.)",3,1,Font design;No direct visual stimulation (e.g. images),1,Poor layout design;Lack of enough info,2,4,2,2,3,1,Your shopping basket;Under each category's main page;Product information page,Under 18,Female
168,2022/12/27,Only at sales,80 - 150,5,Consumer reviews and scores;Site search function;Product presentation (text-based),5,1,No direct visual stimulation (e.g. images);Poor layout design,4,I am fine with it,5,5,2,1,3,5,Your shopping basket;My account page;Homepage,Under 18,Male
169,2022/12/27,Every Week,0 - 30,3,"After-sales service (return and exchange service, etc.);Product presentation (mainly pictures and videos)",1,4,No direct visual stimulation (e.g. images);Font design,2,Poor font design;Lack of enough info,4,1,2,3,1,1,Product information page;Homepage;My account page,19 - 25,Female
170,2022/12/27,Only at sales,30 - 80,4,"Variety of payment options;Pre-sales service (contact the seller for product information, etc.);Product presentation (mainly pictures and videos)",3,5,I am fine with it,2,I am fine with it,4,2,5,5,2,5,Product information page;My account page;Under each category's main page,19 - 25,Male
171,2022/12/27,Only at sales,150 - 300,5,Product presentation (text-based);Product presentation (mainly pictures and videos);Website page design,5,4,I am fine with it,2,Lack of enough info;Poor font design,5,5,2,2,2,4,Your shopping basket;Your saved Items list;My account page,36 - 45,Male
172,2022/12/27,Only at sales,150 - 300,3,Product presentation (mainly pictures and videos);Logistics,3,5,I am fine with it,1,Lack of enough info,5,2,4,2,5,4,"When you filter or search, it will be shown in the filter called ""Recommended for you"";Homepage",19 - 25,Male
173,2022/12/27,Every Year,0 - 30,1,Prices and events,1,2,Don't want to read the text (too much info),3,Poor font design,4,3,1,4,2,3,My account page;Your shopping basket,26 - 35,Male
174,2022/12/27,Every Season,0 - 30,5,Prices and events;Product presentation (mainly pictures and videos);Site search function;Consumer reviews and scores,2,4,I am fine with it,3,Lack of enough info,4,4,3,4,3,4,Homepage;My account page,19 - 25,Female
175,2022/12/28,Every Month,30 - 80,3,"Prices and events;Product presentation (mainly pictures and videos);Product presentation (text-based);After-sales service (return and exchange service, etc.);Consumer reviews and scores;Logistics",2,3,Poor layout design,3,Lack of enough info,4,4,5,5,2,3,"Product information page;When you filter or search, it will be shown in the filter called ""Recommended for you"";Your shopping basket",19 - 25,Female
176,2022/12/29,Every Year,80 - 150,4,Prices and events;Consumer reviews and scores,3,3,I am fine with it,4,I am fine with it,4,3,4,4,3,3,"Homepage;Under each category's main page;When you filter or search, it will be shown in the filter called ""Recommended for you""",19 - 25,Male
177,2023/1/2,Every Month,Above 300,4,"Prices and events;Pre-sales service (contact the seller for product information, etc.);Website page design;Consumer reviews and scores",4,3,Don't want to read the text (too much info);Poor layout design,5,Lack of enough info,4,4,4,2,2,3,"Homepage;My account page;When you filter or search, it will be shown in the filter called ""Recommended for you""",19 - 25,Female
178,2023/1/2,Only at sales,80 - 150,4,"Prices and events;Product presentation (mainly pictures and videos);Product presentation (text-based);Variety of payment options;Site search function;Pre-sales service (contact the seller for product information, etc.);After-sales service (return and exchange service, etc.);Website page design;Consumer reviews and scores;Logistics",3,4,,2,Lack of enough info,5,5,4,4,4,4,"Homepage;Product information page;When you filter or search, it will be shown in the filter called ""Recommended for you"";Your shopping basket;Your saved Items list",19 - 25,Female
179,2023/1/2,Every Week,30 - 80,4,"Pre-sales service (contact the seller for product information, etc.)",3,4,I am fine with it,2,Poor font design;Poor layout design,3,4,3,2,4,4,My account page,19 - 25,Female
180,2023/1/4,Every Month,0 - 30,4,"Prices and events;Product presentation (mainly pictures and videos);Product presentation (text-based);After-sales service (return and exchange service, etc.);Website page design;Consumer reviews and scores",3,3,No direct visual stimulation (e.g. images);Font design;Poor layout design,4,I am fine with it,4,4,4,4,3,2,"Product information page;Under each category's main page;When you filter or search, it will be shown in the filter called ""Recommended for you""",19 - 25,Female
